--
-- PostgreSQL database dump
--

-- Dumped from database version 13.4
-- Dumped by pg_dump version 13.4

SET statement_timeout = 0;
SET lock_timeout = 0;
SET idle_in_transaction_session_timeout = 0;
SET client_encoding = 'UTF8';
SET standard_conforming_strings = on;
SELECT pg_catalog.set_config('search_path', '', false);
SET check_function_bodies = false;
SET xmloption = content;
SET client_min_messages = warning;
SET row_security = off;

SET default_tablespace = '';

SET default_table_access_method = heap;

--
-- Name: AspNetRoleClaims; Type: TABLE; Schema: public; Owner: uitdev
--

CREATE TABLE public."AspNetRoleClaims" (
    "Id" integer NOT NULL,
    "RoleId" text NOT NULL,
    "ClaimType" text,
    "ClaimValue" text
);


ALTER TABLE public."AspNetRoleClaims" OWNER TO uitdev;

--
-- Name: AspNetRoleClaims_Id_seq; Type: SEQUENCE; Schema: public; Owner: uitdev
--

ALTER TABLE public."AspNetRoleClaims" ALTER COLUMN "Id" ADD GENERATED BY DEFAULT AS IDENTITY (
    SEQUENCE NAME public."AspNetRoleClaims_Id_seq"
    START WITH 1
    INCREMENT BY 1
    NO MINVALUE
    NO MAXVALUE
    CACHE 1
);


--
-- Name: AspNetRoles; Type: TABLE; Schema: public; Owner: uitdev
--

CREATE TABLE public."AspNetRoles" (
    "Id" text NOT NULL,
    "Name" character varying(256),
    "NormalizedName" character varying(256),
    "ConcurrencyStamp" text
);


ALTER TABLE public."AspNetRoles" OWNER TO uitdev;

--
-- Name: AspNetUserClaims; Type: TABLE; Schema: public; Owner: uitdev
--

CREATE TABLE public."AspNetUserClaims" (
    "Id" integer NOT NULL,
    "UserId" text NOT NULL,
    "ClaimType" text,
    "ClaimValue" text
);


ALTER TABLE public."AspNetUserClaims" OWNER TO uitdev;

--
-- Name: AspNetUserClaims_Id_seq; Type: SEQUENCE; Schema: public; Owner: uitdev
--

ALTER TABLE public."AspNetUserClaims" ALTER COLUMN "Id" ADD GENERATED BY DEFAULT AS IDENTITY (
    SEQUENCE NAME public."AspNetUserClaims_Id_seq"
    START WITH 1
    INCREMENT BY 1
    NO MINVALUE
    NO MAXVALUE
    CACHE 1
);


--
-- Name: AspNetUserLogins; Type: TABLE; Schema: public; Owner: uitdev
--

CREATE TABLE public."AspNetUserLogins" (
    "LoginProvider" text NOT NULL,
    "ProviderKey" text NOT NULL,
    "ProviderDisplayName" text,
    "UserId" text NOT NULL
);


ALTER TABLE public."AspNetUserLogins" OWNER TO uitdev;

--
-- Name: AspNetUserRoles; Type: TABLE; Schema: public; Owner: uitdev
--

CREATE TABLE public."AspNetUserRoles" (
    "UserId" text NOT NULL,
    "RoleId" text NOT NULL
);


ALTER TABLE public."AspNetUserRoles" OWNER TO uitdev;

--
-- Name: AspNetUserTokens; Type: TABLE; Schema: public; Owner: uitdev
--

CREATE TABLE public."AspNetUserTokens" (
    "UserId" text NOT NULL,
    "LoginProvider" text NOT NULL,
    "Name" text NOT NULL,
    "Value" text
);


ALTER TABLE public."AspNetUserTokens" OWNER TO uitdev;

--
-- Name: AspNetUsers; Type: TABLE; Schema: public; Owner: uitdev
--

CREATE TABLE public."AspNetUsers" (
    "Id" text NOT NULL,
    "UserName" character varying(256),
    "NormalizedUserName" character varying(256),
    "Email" character varying(256),
    "NormalizedEmail" character varying(256),
    "EmailConfirmed" boolean NOT NULL,
    "PasswordHash" text,
    "SecurityStamp" text,
    "ConcurrencyStamp" text,
    "PhoneNumber" text,
    "PhoneNumberConfirmed" boolean NOT NULL,
    "TwoFactorEnabled" boolean NOT NULL,
    "LockoutEnd" timestamp with time zone,
    "LockoutEnabled" boolean NOT NULL,
    "AccessFailedCount" integer NOT NULL
);


ALTER TABLE public."AspNetUsers" OWNER TO uitdev;

--
-- Name: EmployeeAccounts; Type: TABLE; Schema: public; Owner: uitdev
--

CREATE TABLE public."EmployeeAccounts" (
    "Id" integer NOT NULL,
    "Email" text,
    "Password" text,
    "CreatedOn" timestamp without time zone NOT NULL,
    "UpdatedOn" timestamp without time zone NOT NULL,
    "IsArchived" boolean NOT NULL
);


ALTER TABLE public."EmployeeAccounts" OWNER TO uitdev;

--
-- Name: EmployeeAccount_Id_seq; Type: SEQUENCE; Schema: public; Owner: uitdev
--

ALTER TABLE public."EmployeeAccounts" ALTER COLUMN "Id" ADD GENERATED BY DEFAULT AS IDENTITY (
    SEQUENCE NAME public."EmployeeAccount_Id_seq"
    START WITH 1
    INCREMENT BY 1
    NO MINVALUE
    NO MAXVALUE
    CACHE 1
);


--
-- Name: EmployeeAddresses; Type: TABLE; Schema: public; Owner: uitdev
--

CREATE TABLE public."EmployeeAddresses" (
    "Id" integer NOT NULL,
    "AddressLine" character varying(100),
    "Ward" character varying(100),
    "District" character varying(100),
    "City" character varying(100),
    "Country" character varying(100),
    "CreatedOn" timestamp without time zone NOT NULL,
    "UpdatedOn" timestamp without time zone NOT NULL
);


ALTER TABLE public."EmployeeAddresses" OWNER TO uitdev;

--
-- Name: EmployeeAddress_Id_seq; Type: SEQUENCE; Schema: public; Owner: uitdev
--

ALTER TABLE public."EmployeeAddresses" ALTER COLUMN "Id" ADD GENERATED BY DEFAULT AS IDENTITY (
    SEQUENCE NAME public."EmployeeAddress_Id_seq"
    START WITH 1
    INCREMENT BY 1
    NO MINVALUE
    NO MAXVALUE
    CACHE 1
);


--
-- Name: EmployeeAttendances; Type: TABLE; Schema: public; Owner: uitdev
--

CREATE TABLE public."EmployeeAttendances" (
    "Id" integer NOT NULL,
    "FromDate" timestamp without time zone NOT NULL,
    "ToDate" timestamp without time zone NOT NULL,
    "IsProgressing" boolean NOT NULL,
    "Period" interval NOT NULL,
    "CreatedOn" timestamp without time zone NOT NULL,
    "UpdatedOn" timestamp without time zone NOT NULL,
    "IsArchived" boolean NOT NULL,
    "EmployeeId" integer,
    "IsExisted" boolean DEFAULT false NOT NULL
);


ALTER TABLE public."EmployeeAttendances" OWNER TO uitdev;

--
-- Name: EmployeeAttendance_Id_seq; Type: SEQUENCE; Schema: public; Owner: uitdev
--

ALTER TABLE public."EmployeeAttendances" ALTER COLUMN "Id" ADD GENERATED BY DEFAULT AS IDENTITY (
    SEQUENCE NAME public."EmployeeAttendance_Id_seq"
    START WITH 1
    INCREMENT BY 1
    NO MINVALUE
    NO MAXVALUE
    CACHE 1
);


--
-- Name: EmployeeDayOffLetters; Type: TABLE; Schema: public; Owner: uitdev
--

CREATE TABLE public."EmployeeDayOffLetters" (
    "Id" integer NOT NULL,
    "FromDateTime" timestamp without time zone NOT NULL,
    "ToDateTime" timestamp without time zone NOT NULL,
    "Reason" text,
    "CreatedOn" timestamp without time zone NOT NULL,
    "UpdatedOn" timestamp without time zone NOT NULL,
    "IsArchived" boolean NOT NULL,
    "IsApproved" boolean NOT NULL,
    "DayOffCounting" integer NOT NULL,
    "EmployeeId" integer,
    "IsExisted" boolean DEFAULT false NOT NULL
);


ALTER TABLE public."EmployeeDayOffLetters" OWNER TO uitdev;

--
-- Name: EmployeeDayOffs; Type: TABLE; Schema: public; Owner: uitdev
--

CREATE TABLE public."EmployeeDayOffs" (
    "Id" integer NOT NULL,
    "DayOffAmount" integer NOT NULL,
    "CreatedOn" timestamp without time zone NOT NULL,
    "UpdatedOn" timestamp without time zone NOT NULL,
    "IsArchived" boolean NOT NULL
);


ALTER TABLE public."EmployeeDayOffs" OWNER TO uitdev;

--
-- Name: EmployeeDayOff_Id_seq; Type: SEQUENCE; Schema: public; Owner: uitdev
--

ALTER TABLE public."EmployeeDayOffs" ALTER COLUMN "Id" ADD GENERATED BY DEFAULT AS IDENTITY (
    SEQUENCE NAME public."EmployeeDayOff_Id_seq"
    START WITH 1
    INCREMENT BY 1
    NO MINVALUE
    NO MAXVALUE
    CACHE 1
);


--
-- Name: EmployeeDayOff_Letter_Id_seq; Type: SEQUENCE; Schema: public; Owner: uitdev
--

ALTER TABLE public."EmployeeDayOffLetters" ALTER COLUMN "Id" ADD GENERATED BY DEFAULT AS IDENTITY (
    SEQUENCE NAME public."EmployeeDayOff_Letter_Id_seq"
    START WITH 1
    INCREMENT BY 1
    NO MINVALUE
    NO MAXVALUE
    CACHE 1
);


--
-- Name: EmployeeSalaries; Type: TABLE; Schema: public; Owner: uitdev
--

CREATE TABLE public."EmployeeSalaries" (
    "Id" integer NOT NULL,
    "PrimarySalaryDetailId" integer,
    "Month" integer NOT NULL,
    "Year" integer NOT NULL,
    "IsChecked" boolean NOT NULL,
    "IsReceived" boolean NOT NULL,
    "CreatedOn" timestamp without time zone NOT NULL,
    "UpdatedOn" timestamp without time zone NOT NULL,
    "IsArchived" boolean NOT NULL,
    "EmployeeId" integer,
    "IsExisted" boolean DEFAULT false NOT NULL
);


ALTER TABLE public."EmployeeSalaries" OWNER TO uitdev;

--
-- Name: EmployeeSalary_Id_seq; Type: SEQUENCE; Schema: public; Owner: uitdev
--

ALTER TABLE public."EmployeeSalaries" ALTER COLUMN "Id" ADD GENERATED BY DEFAULT AS IDENTITY (
    SEQUENCE NAME public."EmployeeSalary_Id_seq"
    START WITH 1
    INCREMENT BY 1
    NO MINVALUE
    NO MAXVALUE
    CACHE 1
);


--
-- Name: EmployeeTypes; Type: TABLE; Schema: public; Owner: uitdev
--

CREATE TABLE public."EmployeeTypes" (
    "Id" integer NOT NULL,
    "Name" text,
    "CreatedOn" timestamp without time zone NOT NULL,
    "UpdatedOn" timestamp without time zone NOT NULL,
    "IsArchived" boolean NOT NULL
);


ALTER TABLE public."EmployeeTypes" OWNER TO uitdev;

--
-- Name: EmployeeTypes_Id_seq; Type: SEQUENCE; Schema: public; Owner: uitdev
--

ALTER TABLE public."EmployeeTypes" ALTER COLUMN "Id" ADD GENERATED BY DEFAULT AS IDENTITY (
    SEQUENCE NAME public."EmployeeTypes_Id_seq"
    START WITH 1
    INCREMENT BY 1
    NO MINVALUE
    NO MAXVALUE
    CACHE 1
);


--
-- Name: Employees; Type: TABLE; Schema: public; Owner: uitdev
--

CREATE TABLE public."Employees" (
    "Id" integer NOT NULL,
    "FirstName" text,
    "LastName" text,
    "DateOfBirth" timestamp without time zone NOT NULL,
    "PhoneNumber" character varying(20),
    "IdentityCard" character varying(20),
    "PrimaryAddressId" integer,
    "PrimaryAccountId" integer,
    "PrimaryDayOffId" integer,
    "CreatedOn" timestamp without time zone NOT NULL,
    "UpdatedOn" timestamp without time zone NOT NULL,
    "IsArchived" boolean NOT NULL,
    "EmployeeTypeId" integer
);


ALTER TABLE public."Employees" OWNER TO uitdev;

--
-- Name: Employees_Id_seq; Type: SEQUENCE; Schema: public; Owner: uitdev
--

ALTER TABLE public."Employees" ALTER COLUMN "Id" ADD GENERATED BY DEFAULT AS IDENTITY (
    SEQUENCE NAME public."Employees_Id_seq"
    START WITH 1
    INCREMENT BY 1
    NO MINVALUE
    NO MAXVALUE
    CACHE 1
);


--
-- Name: HolidayCreates; Type: TABLE; Schema: public; Owner: uitdev
--

CREATE TABLE public."HolidayCreates" (
    "Id" integer NOT NULL,
    "FromDate" timestamp without time zone NOT NULL,
    "ToDate" timestamp without time zone NOT NULL,
    "CreatedOn" timestamp without time zone NOT NULL,
    "UpdatedOn" timestamp without time zone NOT NULL,
    "IsArchived" boolean NOT NULL,
    "EmployeeId" integer,
    "HolidayId" integer,
    "IsExistedAdmin" boolean DEFAULT false NOT NULL,
    "IsExistedHoliday" boolean DEFAULT false NOT NULL
);


ALTER TABLE public."HolidayCreates" OWNER TO uitdev;

--
-- Name: Holiday_Create_Id_seq; Type: SEQUENCE; Schema: public; Owner: uitdev
--

ALTER TABLE public."HolidayCreates" ALTER COLUMN "Id" ADD GENERATED BY DEFAULT AS IDENTITY (
    SEQUENCE NAME public."Holiday_Create_Id_seq"
    START WITH 1
    INCREMENT BY 1
    NO MINVALUE
    NO MAXVALUE
    CACHE 1
);


--
-- Name: Holidays; Type: TABLE; Schema: public; Owner: uitdev
--

CREATE TABLE public."Holidays" (
    "Id" integer NOT NULL,
    "NameOfHoliday" text,
    "CreatedOn" timestamp without time zone NOT NULL,
    "UpdatedOn" timestamp without time zone NOT NULL,
    "IsArchived" boolean NOT NULL,
    "DateOfHoliday" timestamp without time zone DEFAULT '0001-01-01 00:00:00'::timestamp without time zone NOT NULL
);


ALTER TABLE public."Holidays" OWNER TO uitdev;

--
-- Name: Holidays_Id_seq; Type: SEQUENCE; Schema: public; Owner: uitdev
--

ALTER TABLE public."Holidays" ALTER COLUMN "Id" ADD GENERATED BY DEFAULT AS IDENTITY (
    SEQUENCE NAME public."Holidays_Id_seq"
    START WITH 1
    INCREMENT BY 1
    NO MINVALUE
    NO MAXVALUE
    CACHE 1
);


--
-- Name: SalaryDetails; Type: TABLE; Schema: public; Owner: uitdev
--

CREATE TABLE public."SalaryDetails" (
    "Id" integer NOT NULL,
    "EstimatedSalary" integer NOT NULL,
    "EstimatedDayWorking" integer NOT NULL,
    "RealityDayWorking" integer NOT NULL,
    "Bonus" integer NOT NULL,
    "Taxes" integer NOT NULL,
    "Minus" integer NOT NULL,
    "FinalSalary" integer NOT NULL,
    "CreatedOn" timestamp without time zone NOT NULL,
    "UpdatedOn" timestamp without time zone NOT NULL,
    "IsArchived" boolean NOT NULL
);


ALTER TABLE public."SalaryDetails" OWNER TO uitdev;

--
-- Name: SalaryDetail_Id_seq; Type: SEQUENCE; Schema: public; Owner: uitdev
--

ALTER TABLE public."SalaryDetails" ALTER COLUMN "Id" ADD GENERATED BY DEFAULT AS IDENTITY (
    SEQUENCE NAME public."SalaryDetail_Id_seq"
    START WITH 1
    INCREMENT BY 1
    NO MINVALUE
    NO MAXVALUE
    CACHE 1
);


--
-- Name: __EFMigrationsHistory; Type: TABLE; Schema: public; Owner: uitdev
--

CREATE TABLE public."__EFMigrationsHistory" (
    "MigrationId" character varying(150) NOT NULL,
    "ProductVersion" character varying(32) NOT NULL
);


ALTER TABLE public."__EFMigrationsHistory" OWNER TO uitdev;

--
-- Data for Name: AspNetRoleClaims; Type: TABLE DATA; Schema: public; Owner: uitdev
--

COPY public."AspNetRoleClaims" ("Id", "RoleId", "ClaimType", "ClaimValue") FROM stdin;
\.


--
-- Data for Name: AspNetRoles; Type: TABLE DATA; Schema: public; Owner: uitdev
--

COPY public."AspNetRoles" ("Id", "Name", "NormalizedName", "ConcurrencyStamp") FROM stdin;
\.


--
-- Data for Name: AspNetUserClaims; Type: TABLE DATA; Schema: public; Owner: uitdev
--

COPY public."AspNetUserClaims" ("Id", "UserId", "ClaimType", "ClaimValue") FROM stdin;
\.


--
-- Data for Name: AspNetUserLogins; Type: TABLE DATA; Schema: public; Owner: uitdev
--

COPY public."AspNetUserLogins" ("LoginProvider", "ProviderKey", "ProviderDisplayName", "UserId") FROM stdin;
\.


--
-- Data for Name: AspNetUserRoles; Type: TABLE DATA; Schema: public; Owner: uitdev
--

COPY public."AspNetUserRoles" ("UserId", "RoleId") FROM stdin;
\.


--
-- Data for Name: AspNetUserTokens; Type: TABLE DATA; Schema: public; Owner: uitdev
--

COPY public."AspNetUserTokens" ("UserId", "LoginProvider", "Name", "Value") FROM stdin;
\.


--
-- Data for Name: AspNetUsers; Type: TABLE DATA; Schema: public; Owner: uitdev
--

COPY public."AspNetUsers" ("Id", "UserName", "NormalizedUserName", "Email", "NormalizedEmail", "EmailConfirmed", "PasswordHash", "SecurityStamp", "ConcurrencyStamp", "PhoneNumber", "PhoneNumberConfirmed", "TwoFactorEnabled", "LockoutEnd", "LockoutEnabled", "AccessFailedCount") FROM stdin;
\.


--
-- Data for Name: EmployeeAccounts; Type: TABLE DATA; Schema: public; Owner: uitdev
--

COPY public."EmployeeAccounts" ("Id", "Email", "Password", "CreatedOn", "UpdatedOn", "IsArchived") FROM stdin;
10	1@gm	$2a$10$Q4JnRdhCYOIieFJ6xAoppOL9Q4hLFcH43moBh8QHxVEMDP2uIIc.6	2021-10-21 07:39:24.008497	2021-10-26 04:34:26.181036	f
16	ki@22	$2a$10$iFgP7UybvAo31XHW0zxtIO8ZrMFHQ2JzpG154ghWsSOJUXNHwY6U.	2021-10-24 09:18:04.961409	2021-10-26 10:27:20.831543	f
15	new@one	$2a$10$u/Xuz8EVgPJGqMDjXoKYQuGTIvO4eOtjbo0ak7e6eMyiioaUl6Ucu	2021-10-22 16:45:14.029399	2021-10-26 10:27:21.270287	f
14	quy@cs	$2a$10$5hss/iSmo1qrufpQIkNx.eeybpTbmi2RllZxwXKtYmuMUWr6gkVqy	2021-10-21 12:49:13.04343	2021-10-26 10:27:21.778661	f
13	minhhuy@12	$2a$10$OwZKIHGOGEY708K./AFL3eDNqW9EG9hb15f2o1qaerxCzg2LbfVwq	2021-10-21 12:45:19.763543	2021-10-26 10:27:22.233705	f
11	kimphat.devcs@gmail.com	$2a$10$fX0v76anHIslUUsfUCMixOGkXQDg/.vilgRZrT2wJiOk1FMjtjole	2021-10-21 07:41:49.041443	2021-10-26 10:27:22.882979	f
12	kimphat@22	$2a$10$eh3sNwZEFMEVYO2P5scx8.7PokX0VAyCtJQd0fcGZ2d7HdghXtrcW	2021-10-21 07:43:46.696646	2021-10-26 10:27:23.280113	f
9	kimphat@gmail.co.vn	$2a$10$8CDdBVgWtb9b35tRAcR08.w5TXB4dl67MTQZ0Z.TgFZvLWkeqWF4q	2021-10-21 07:34:44.389788	2021-10-26 10:27:24.569428	f
8	hi@dddd	$2a$10$IzdLPUgCE2CdC8Eb4KZIxuW/gg1PlWnBs4eQ.xMzq89R0jb31yDmy	2021-10-21 07:29:03.87485	2021-10-26 10:27:25.180846	f
7	hkimphat@gmail.com	$2a$10$QkpkDN2KoaKPQszIKmEVnuI4MBHh5XSAiZUsdEfjsRgGD7UuPmKZq	2021-10-21 07:14:52.155328	2021-10-26 10:27:25.515835	f
6	giakhang@22	$2a$10$PBd5TabL.qR1r2ywmUiGqObxUl6an7rgvFUaQKHGBeunxJYktJTWa	2021-10-21 07:13:47.137351	2021-10-26 10:27:25.937015	f
5	hkimph@2012	$2a$10$SH1S58H7rmkrp74oPBRuPOBiUP0H7ygScf0fBMui6r8jz/8JYT1Sy	2021-10-21 07:08:50.553901	2021-10-26 10:27:27.342686	f
4	kimphat.devcs@gmail.com	$2a$10$pVOT0HfNg6ZvfOByhFIGmeWvDiM4twSMLWHNuSuKc2i9mGYVJ7xIC	2021-10-21 06:48:54.324691	2021-10-26 10:27:27.697807	f
3	thanhhuong	$2a$10$7W4wn1ZYtqHoVTP5ua3WHO7TYYe0AV2KEnzYejST2N6iBE9XRDHhi	2021-10-13 16:07:26.843	2021-10-26 10:27:28.103241	t
2	staff	$2a$10$pIr9ey3Cblq9MTG3MAEJCesPgzLH/swoLPhlKDm874Zlj4vPt.jbS	2021-10-09 14:23:25.319	2021-10-26 10:27:28.45202	t
1	admin	$2a$10$4Jgc3vIF4YOzcIrkI7zkqOQxCEmyCHVnFYWSawX7kEkvToIW/EhPy	2021-10-09 13:28:56.313	2021-10-26 10:27:28.863644	t
\.


--
-- Data for Name: EmployeeAddresses; Type: TABLE DATA; Schema: public; Owner: uitdev
--

COPY public."EmployeeAddresses" ("Id", "AddressLine", "Ward", "District", "City", "Country", "CreatedOn", "UpdatedOn") FROM stdin;
1	154/1/2 Street 2	3	GoVap	HCMC	VietNam	2021-10-09 13:28:56.313	2021-10-09 13:28:56.313
2	123 T	3	3	HCMC	VN	2021-10-09 14:23:25.319	2021-10-09 14:23:25.319
3	312	3	3	HoChiMinh	VN	2021-10-13 16:07:26.843	2021-10-13 16:07:26.843
4	104 Pho Quang Street	2	334	104 Pho Quang Street	0944651790	2021-10-21 06:48:54.323438	2021-10-21 06:48:54.323438
5	104 Pho Quang Street	Huynh	3	Ho Chi Minh City	Vietnam	2021-10-21 07:08:50.551822	2021-10-21 07:08:50.551822
6	104 Pho Quang Street	2	4	Ho Chi Minh City	Vietnam	2021-10-21 07:13:47.13725	2021-10-21 07:13:47.13725
7	104 Pho Quang Street	4	45	Ho Chi Minh City	Vietnam	2021-10-21 07:14:52.155325	2021-10-21 07:14:52.155325
8	104 Pho Quang Street	2	3	Ho Chi Minh City	Vietnam	2021-10-21 07:29:03.874848	2021-10-21 07:29:03.874848
9	104 Pho Quang Street	3	34	Ho Chi Minh City	Vietnam	2021-10-21 07:34:44.389786	2021-10-21 07:34:44.389786
10	104 Pho Quang Street	2	3	Ho Chi Minh City	Vietnam	2021-10-21 07:39:24.008496	2021-10-21 07:39:24.008496
11	104 Pho Quang Street	2	3	Ho Chi Minh City	Vietnam	2021-10-21 07:41:49.041441	2021-10-21 07:41:49.041441
12	104 Pho Quang Street	3	3	Ho Chi Minh City	Vietnam	2021-10-21 07:43:46.696644	2021-10-21 07:43:46.696644
13	104 Tran Pgy Street	213	32	Ho Chi Minh City	Vietnam	2021-10-21 12:45:19.762095	2021-10-21 12:45:19.762095
14	104 Pho Quang Street	23423423	423423	Ho Chi Minh City	Vietnam	2021-10-21 12:49:13.043412	2021-10-21 12:49:13.043412
15	104 Minh Quang Stree	3	4	0944651790	Vietnam	2021-10-22 16:45:14.028571	2021-10-22 16:45:14.028571
16	104 Pho Quang Street	234	4	Ho Chi Minh City	Vietnam	2021-10-24 09:18:04.959811	2021-10-24 09:18:04.959811
\.


--
-- Data for Name: EmployeeAttendances; Type: TABLE DATA; Schema: public; Owner: uitdev
--

COPY public."EmployeeAttendances" ("Id", "FromDate", "ToDate", "IsProgressing", "Period", "CreatedOn", "UpdatedOn", "IsArchived", "EmployeeId", "IsExisted") FROM stdin;
\.


--
-- Data for Name: EmployeeDayOffLetters; Type: TABLE DATA; Schema: public; Owner: uitdev
--

COPY public."EmployeeDayOffLetters" ("Id", "FromDateTime", "ToDateTime", "Reason", "CreatedOn", "UpdatedOn", "IsArchived", "IsApproved", "DayOffCounting", "EmployeeId", "IsExisted") FROM stdin;
\.


--
-- Data for Name: EmployeeDayOffs; Type: TABLE DATA; Schema: public; Owner: uitdev
--

COPY public."EmployeeDayOffs" ("Id", "DayOffAmount", "CreatedOn", "UpdatedOn", "IsArchived") FROM stdin;
\.


--
-- Data for Name: EmployeeSalaries; Type: TABLE DATA; Schema: public; Owner: uitdev
--

COPY public."EmployeeSalaries" ("Id", "PrimarySalaryDetailId", "Month", "Year", "IsChecked", "IsReceived", "CreatedOn", "UpdatedOn", "IsArchived", "EmployeeId", "IsExisted") FROM stdin;
\.


--
-- Data for Name: EmployeeTypes; Type: TABLE DATA; Schema: public; Owner: uitdev
--

COPY public."EmployeeTypes" ("Id", "Name", "CreatedOn", "UpdatedOn", "IsArchived") FROM stdin;
1	Admin	2021-10-09 13:17:09.081	2021-10-09 13:17:09.081	t
2	Staff	2021-10-09 13:17:09.081	2021-10-09 13:17:09.081	t
\.


--
-- Data for Name: Employees; Type: TABLE DATA; Schema: public; Owner: uitdev
--

COPY public."Employees" ("Id", "FirstName", "LastName", "DateOfBirth", "PhoneNumber", "IdentityCard", "PrimaryAddressId", "PrimaryAccountId", "PrimaryDayOffId", "CreatedOn", "UpdatedOn", "IsArchived", "EmployeeTypeId") FROM stdin;
13	Minh	Huy	0001-01-01 00:00:00	3209482305823	58340958340	13	13	\N	2021-10-21 12:45:19.760869	2021-10-22 16:44:18.928439	t	1
12	Phat	Huynh	0001-01-01 00:00:00	42345234234	2342342344	12	12	\N	2021-10-21 07:43:46.696639	2021-10-22 16:45:23.783669	f	2
16	Tao	Moi	0001-01-01 00:00:00	3324234234	432423423423	16	16	\N	2021-10-24 09:18:04.958769	2021-10-26 03:37:12.626924	f	\N
15	New	One	0001-01-01 00:00:00	0944651111	31231905234	15	15	\N	2021-10-22 16:45:14.027681	2021-10-26 03:37:15.755718	f	\N
2	Hoang	Le	2021-10-09 14:23:25.319	094320480324	42352435345345	2	2	\N	2021-10-09 14:23:25.319	2021-10-21 12:46:44.414377	f	2
1	Huynh	Phat	2021-10-09 13:28:56.313	0944651790	079201014949	1	1	\N	2021-10-09 13:28:56.313	2021-10-21 12:26:04.98952	f	1
14	Quy	Luong	0001-01-01 00:00:00	4553453456	53453463463	14	14	\N	2021-10-21 12:49:13.043384	2021-10-21 12:58:31.812381	t	\N
7	Phat	Huynh	0001-01-01 00:00:00	4235345345	345345345534	7	7	\N	2021-10-21 07:14:52.155321	2021-10-21 12:26:21.582542	f	\N
8	Phat	Huynh	0001-01-01 00:00:00	09483209548023	7230894230942	8	8	\N	2021-10-21 07:29:03.874844	2021-10-22 16:44:22.132227	t	\N
10	Phat	Huynh	0001-01-01 00:00:00	12312312312	312312312312312	10	10	\N	2021-10-21 07:39:24.008491	2021-10-22 16:44:23.194879	f	\N
6	Khang	Huynh	0001-01-01 00:00:00	5245453453453	5345345346345645	6	6	\N	2021-10-21 07:13:47.137231	2021-10-22 16:44:24.574175	t	\N
5	Huynh	Kim	0001-01-01 00:00:00	3424234234234	234234234234	5	5	\N	2021-10-21 07:08:50.549929	2021-10-22 16:44:25.028034	t	\N
4	Phat	Huynh	0001-01-01 00:00:00	9867867857687	3676475674574567	4	4	\N	2021-10-21 06:48:54.31028	2021-10-22 16:44:25.444533	t	\N
3	Huong	Le	2021-10-13 16:07:26.843	0944654179	23749234823572	3	3	\N	2021-10-13 16:07:26.843	2021-10-22 16:44:25.863536	t	1
11	Phat	Huynh	0001-01-01 00:00:00	3124124124	41412412412	11	11	\N	2021-10-21 07:41:49.041435	2021-10-22 16:45:23.121278	t	1
9	Phat	Huynh	0001-01-01 00:00:00	4314345346	534534534534	9	9	\N	2021-10-21 07:34:44.389781	2021-10-22 16:45:24.345757	t	\N
\.


--
-- Data for Name: HolidayCreates; Type: TABLE DATA; Schema: public; Owner: uitdev
--

COPY public."HolidayCreates" ("Id", "FromDate", "ToDate", "CreatedOn", "UpdatedOn", "IsArchived", "EmployeeId", "HolidayId", "IsExistedAdmin", "IsExistedHoliday") FROM stdin;
\.


--
-- Data for Name: Holidays; Type: TABLE DATA; Schema: public; Owner: uitdev
--

COPY public."Holidays" ("Id", "NameOfHoliday", "CreatedOn", "UpdatedOn", "IsArchived", "DateOfHoliday") FROM stdin;
\.


--
-- Data for Name: SalaryDetails; Type: TABLE DATA; Schema: public; Owner: uitdev
--

COPY public."SalaryDetails" ("Id", "EstimatedSalary", "EstimatedDayWorking", "RealityDayWorking", "Bonus", "Taxes", "Minus", "FinalSalary", "CreatedOn", "UpdatedOn", "IsArchived") FROM stdin;
\.


--
-- Data for Name: __EFMigrationsHistory; Type: TABLE DATA; Schema: public; Owner: uitdev
--

COPY public."__EFMigrationsHistory" ("MigrationId", "ProductVersion") FROM stdin;
20210919110112_InitDatabase	5.0.10
20210919110825_UpdateDatabase	5.0.10
20210921013833_InitDatabase1	5.0.10
20211008043136_UITDB	5.0.10
20211009131945_InitDatabase	5.0.10
20211021132317_AddIsExistToSalary	5.0.10
20211022092404_AddIsExistToLetterAndAttendance	5.0.10
20211022094838_RefactorHolidayAndHolidayCreate	5.0.10
\.


--
-- Name: AspNetRoleClaims_Id_seq; Type: SEQUENCE SET; Schema: public; Owner: uitdev
--

SELECT pg_catalog.setval('public."AspNetRoleClaims_Id_seq"', 1, false);


--
-- Name: AspNetUserClaims_Id_seq; Type: SEQUENCE SET; Schema: public; Owner: uitdev
--

SELECT pg_catalog.setval('public."AspNetUserClaims_Id_seq"', 1, false);


--
-- Name: EmployeeAccount_Id_seq; Type: SEQUENCE SET; Schema: public; Owner: uitdev
--

SELECT pg_catalog.setval('public."EmployeeAccount_Id_seq"', 16, true);


--
-- Name: EmployeeAddress_Id_seq; Type: SEQUENCE SET; Schema: public; Owner: uitdev
--

SELECT pg_catalog.setval('public."EmployeeAddress_Id_seq"', 16, true);


--
-- Name: EmployeeAttendance_Id_seq; Type: SEQUENCE SET; Schema: public; Owner: uitdev
--

SELECT pg_catalog.setval('public."EmployeeAttendance_Id_seq"', 1, false);


--
-- Name: EmployeeDayOff_Id_seq; Type: SEQUENCE SET; Schema: public; Owner: uitdev
--

SELECT pg_catalog.setval('public."EmployeeDayOff_Id_seq"', 1, false);


--
-- Name: EmployeeDayOff_Letter_Id_seq; Type: SEQUENCE SET; Schema: public; Owner: uitdev
--

SELECT pg_catalog.setval('public."EmployeeDayOff_Letter_Id_seq"', 1, false);


--
-- Name: EmployeeSalary_Id_seq; Type: SEQUENCE SET; Schema: public; Owner: uitdev
--

SELECT pg_catalog.setval('public."EmployeeSalary_Id_seq"', 1, false);


--
-- Name: EmployeeTypes_Id_seq; Type: SEQUENCE SET; Schema: public; Owner: uitdev
--

SELECT pg_catalog.setval('public."EmployeeTypes_Id_seq"', 2, true);


--
-- Name: Employees_Id_seq; Type: SEQUENCE SET; Schema: public; Owner: uitdev
--

SELECT pg_catalog.setval('public."Employees_Id_seq"', 16, true);


--
-- Name: Holiday_Create_Id_seq; Type: SEQUENCE SET; Schema: public; Owner: uitdev
--

SELECT pg_catalog.setval('public."Holiday_Create_Id_seq"', 1, false);


--
-- Name: Holidays_Id_seq; Type: SEQUENCE SET; Schema: public; Owner: uitdev
--

SELECT pg_catalog.setval('public."Holidays_Id_seq"', 1, false);


--
-- Name: SalaryDetail_Id_seq; Type: SEQUENCE SET; Schema: public; Owner: uitdev
--

SELECT pg_catalog.setval('public."SalaryDetail_Id_seq"', 1, false);


--
-- Name: AspNetRoleClaims PK_AspNetRoleClaims; Type: CONSTRAINT; Schema: public; Owner: uitdev
--

ALTER TABLE ONLY public."AspNetRoleClaims"
    ADD CONSTRAINT "PK_AspNetRoleClaims" PRIMARY KEY ("Id");


--
-- Name: AspNetRoles PK_AspNetRoles; Type: CONSTRAINT; Schema: public; Owner: uitdev
--

ALTER TABLE ONLY public."AspNetRoles"
    ADD CONSTRAINT "PK_AspNetRoles" PRIMARY KEY ("Id");


--
-- Name: AspNetUserClaims PK_AspNetUserClaims; Type: CONSTRAINT; Schema: public; Owner: uitdev
--

ALTER TABLE ONLY public."AspNetUserClaims"
    ADD CONSTRAINT "PK_AspNetUserClaims" PRIMARY KEY ("Id");


--
-- Name: AspNetUserLogins PK_AspNetUserLogins; Type: CONSTRAINT; Schema: public; Owner: uitdev
--

ALTER TABLE ONLY public."AspNetUserLogins"
    ADD CONSTRAINT "PK_AspNetUserLogins" PRIMARY KEY ("LoginProvider", "ProviderKey");


--
-- Name: AspNetUserRoles PK_AspNetUserRoles; Type: CONSTRAINT; Schema: public; Owner: uitdev
--

ALTER TABLE ONLY public."AspNetUserRoles"
    ADD CONSTRAINT "PK_AspNetUserRoles" PRIMARY KEY ("UserId", "RoleId");


--
-- Name: AspNetUserTokens PK_AspNetUserTokens; Type: CONSTRAINT; Schema: public; Owner: uitdev
--

ALTER TABLE ONLY public."AspNetUserTokens"
    ADD CONSTRAINT "PK_AspNetUserTokens" PRIMARY KEY ("UserId", "LoginProvider", "Name");


--
-- Name: AspNetUsers PK_AspNetUsers; Type: CONSTRAINT; Schema: public; Owner: uitdev
--

ALTER TABLE ONLY public."AspNetUsers"
    ADD CONSTRAINT "PK_AspNetUsers" PRIMARY KEY ("Id");


--
-- Name: EmployeeAccounts PK_EmployeeAccounts; Type: CONSTRAINT; Schema: public; Owner: uitdev
--

ALTER TABLE ONLY public."EmployeeAccounts"
    ADD CONSTRAINT "PK_EmployeeAccounts" PRIMARY KEY ("Id");


--
-- Name: EmployeeAddresses PK_EmployeeAddresses; Type: CONSTRAINT; Schema: public; Owner: uitdev
--

ALTER TABLE ONLY public."EmployeeAddresses"
    ADD CONSTRAINT "PK_EmployeeAddresses" PRIMARY KEY ("Id");


--
-- Name: EmployeeAttendances PK_EmployeeAttendances; Type: CONSTRAINT; Schema: public; Owner: uitdev
--

ALTER TABLE ONLY public."EmployeeAttendances"
    ADD CONSTRAINT "PK_EmployeeAttendances" PRIMARY KEY ("Id");


--
-- Name: EmployeeDayOffLetters PK_EmployeeDayOffLetters; Type: CONSTRAINT; Schema: public; Owner: uitdev
--

ALTER TABLE ONLY public."EmployeeDayOffLetters"
    ADD CONSTRAINT "PK_EmployeeDayOffLetters" PRIMARY KEY ("Id");


--
-- Name: EmployeeDayOffs PK_EmployeeDayOffs; Type: CONSTRAINT; Schema: public; Owner: uitdev
--

ALTER TABLE ONLY public."EmployeeDayOffs"
    ADD CONSTRAINT "PK_EmployeeDayOffs" PRIMARY KEY ("Id");


--
-- Name: EmployeeSalaries PK_EmployeeSalaries; Type: CONSTRAINT; Schema: public; Owner: uitdev
--

ALTER TABLE ONLY public."EmployeeSalaries"
    ADD CONSTRAINT "PK_EmployeeSalaries" PRIMARY KEY ("Id");


--
-- Name: EmployeeTypes PK_EmployeeTypes; Type: CONSTRAINT; Schema: public; Owner: uitdev
--

ALTER TABLE ONLY public."EmployeeTypes"
    ADD CONSTRAINT "PK_EmployeeTypes" PRIMARY KEY ("Id");


--
-- Name: Employees PK_Employees; Type: CONSTRAINT; Schema: public; Owner: uitdev
--

ALTER TABLE ONLY public."Employees"
    ADD CONSTRAINT "PK_Employees" PRIMARY KEY ("Id");


--
-- Name: HolidayCreates PK_HolidayCreates; Type: CONSTRAINT; Schema: public; Owner: uitdev
--

ALTER TABLE ONLY public."HolidayCreates"
    ADD CONSTRAINT "PK_HolidayCreates" PRIMARY KEY ("Id");


--
-- Name: Holidays PK_Holidays; Type: CONSTRAINT; Schema: public; Owner: uitdev
--

ALTER TABLE ONLY public."Holidays"
    ADD CONSTRAINT "PK_Holidays" PRIMARY KEY ("Id");


--
-- Name: SalaryDetails PK_SalaryDetails; Type: CONSTRAINT; Schema: public; Owner: uitdev
--

ALTER TABLE ONLY public."SalaryDetails"
    ADD CONSTRAINT "PK_SalaryDetails" PRIMARY KEY ("Id");


--
-- Name: __EFMigrationsHistory PK___EFMigrationsHistory; Type: CONSTRAINT; Schema: public; Owner: uitdev
--

ALTER TABLE ONLY public."__EFMigrationsHistory"
    ADD CONSTRAINT "PK___EFMigrationsHistory" PRIMARY KEY ("MigrationId");


--
-- Name: EmailIndex; Type: INDEX; Schema: public; Owner: uitdev
--

CREATE INDEX "EmailIndex" ON public."AspNetUsers" USING btree ("NormalizedEmail");


--
-- Name: IX_AspNetRoleClaims_RoleId; Type: INDEX; Schema: public; Owner: uitdev
--

CREATE INDEX "IX_AspNetRoleClaims_RoleId" ON public."AspNetRoleClaims" USING btree ("RoleId");


--
-- Name: IX_AspNetUserClaims_UserId; Type: INDEX; Schema: public; Owner: uitdev
--

CREATE INDEX "IX_AspNetUserClaims_UserId" ON public."AspNetUserClaims" USING btree ("UserId");


--
-- Name: IX_AspNetUserLogins_UserId; Type: INDEX; Schema: public; Owner: uitdev
--

CREATE INDEX "IX_AspNetUserLogins_UserId" ON public."AspNetUserLogins" USING btree ("UserId");


--
-- Name: IX_AspNetUserRoles_RoleId; Type: INDEX; Schema: public; Owner: uitdev
--

CREATE INDEX "IX_AspNetUserRoles_RoleId" ON public."AspNetUserRoles" USING btree ("RoleId");


--
-- Name: IX_EmployeeAttendances_EmployeeId; Type: INDEX; Schema: public; Owner: uitdev
--

CREATE INDEX "IX_EmployeeAttendances_EmployeeId" ON public."EmployeeAttendances" USING btree ("EmployeeId");


--
-- Name: IX_EmployeeDayOffLetters_EmployeeId; Type: INDEX; Schema: public; Owner: uitdev
--

CREATE INDEX "IX_EmployeeDayOffLetters_EmployeeId" ON public."EmployeeDayOffLetters" USING btree ("EmployeeId");


--
-- Name: IX_EmployeeSalaries_EmployeeId; Type: INDEX; Schema: public; Owner: uitdev
--

CREATE INDEX "IX_EmployeeSalaries_EmployeeId" ON public."EmployeeSalaries" USING btree ("EmployeeId");


--
-- Name: IX_EmployeeSalaries_PrimarySalaryDetailId; Type: INDEX; Schema: public; Owner: uitdev
--

CREATE INDEX "IX_EmployeeSalaries_PrimarySalaryDetailId" ON public."EmployeeSalaries" USING btree ("PrimarySalaryDetailId");


--
-- Name: IX_Employees_EmployeeTypeId; Type: INDEX; Schema: public; Owner: uitdev
--

CREATE INDEX "IX_Employees_EmployeeTypeId" ON public."Employees" USING btree ("EmployeeTypeId");


--
-- Name: IX_Employees_PrimaryAccountId; Type: INDEX; Schema: public; Owner: uitdev
--

CREATE INDEX "IX_Employees_PrimaryAccountId" ON public."Employees" USING btree ("PrimaryAccountId");


--
-- Name: IX_Employees_PrimaryAddressId; Type: INDEX; Schema: public; Owner: uitdev
--

CREATE INDEX "IX_Employees_PrimaryAddressId" ON public."Employees" USING btree ("PrimaryAddressId");


--
-- Name: IX_Employees_PrimaryDayOffId; Type: INDEX; Schema: public; Owner: uitdev
--

CREATE INDEX "IX_Employees_PrimaryDayOffId" ON public."Employees" USING btree ("PrimaryDayOffId");


--
-- Name: IX_HolidayCreates_EmployeeId; Type: INDEX; Schema: public; Owner: uitdev
--

CREATE INDEX "IX_HolidayCreates_EmployeeId" ON public."HolidayCreates" USING btree ("EmployeeId");


--
-- Name: IX_HolidayCreates_HolidayId; Type: INDEX; Schema: public; Owner: uitdev
--

CREATE INDEX "IX_HolidayCreates_HolidayId" ON public."HolidayCreates" USING btree ("HolidayId");


--
-- Name: RoleNameIndex; Type: INDEX; Schema: public; Owner: uitdev
--

CREATE UNIQUE INDEX "RoleNameIndex" ON public."AspNetRoles" USING btree ("NormalizedName");


--
-- Name: UserNameIndex; Type: INDEX; Schema: public; Owner: uitdev
--

CREATE UNIQUE INDEX "UserNameIndex" ON public."AspNetUsers" USING btree ("NormalizedUserName");


--
-- Name: AspNetRoleClaims FK_AspNetRoleClaims_AspNetRoles_RoleId; Type: FK CONSTRAINT; Schema: public; Owner: uitdev
--

ALTER TABLE ONLY public."AspNetRoleClaims"
    ADD CONSTRAINT "FK_AspNetRoleClaims_AspNetRoles_RoleId" FOREIGN KEY ("RoleId") REFERENCES public."AspNetRoles"("Id") ON DELETE CASCADE;


--
-- Name: AspNetUserClaims FK_AspNetUserClaims_AspNetUsers_UserId; Type: FK CONSTRAINT; Schema: public; Owner: uitdev
--

ALTER TABLE ONLY public."AspNetUserClaims"
    ADD CONSTRAINT "FK_AspNetUserClaims_AspNetUsers_UserId" FOREIGN KEY ("UserId") REFERENCES public."AspNetUsers"("Id") ON DELETE CASCADE;


--
-- Name: AspNetUserLogins FK_AspNetUserLogins_AspNetUsers_UserId; Type: FK CONSTRAINT; Schema: public; Owner: uitdev
--

ALTER TABLE ONLY public."AspNetUserLogins"
    ADD CONSTRAINT "FK_AspNetUserLogins_AspNetUsers_UserId" FOREIGN KEY ("UserId") REFERENCES public."AspNetUsers"("Id") ON DELETE CASCADE;


--
-- Name: AspNetUserRoles FK_AspNetUserRoles_AspNetRoles_RoleId; Type: FK CONSTRAINT; Schema: public; Owner: uitdev
--

ALTER TABLE ONLY public."AspNetUserRoles"
    ADD CONSTRAINT "FK_AspNetUserRoles_AspNetRoles_RoleId" FOREIGN KEY ("RoleId") REFERENCES public."AspNetRoles"("Id") ON DELETE CASCADE;


--
-- Name: AspNetUserRoles FK_AspNetUserRoles_AspNetUsers_UserId; Type: FK CONSTRAINT; Schema: public; Owner: uitdev
--

ALTER TABLE ONLY public."AspNetUserRoles"
    ADD CONSTRAINT "FK_AspNetUserRoles_AspNetUsers_UserId" FOREIGN KEY ("UserId") REFERENCES public."AspNetUsers"("Id") ON DELETE CASCADE;


--
-- Name: AspNetUserTokens FK_AspNetUserTokens_AspNetUsers_UserId; Type: FK CONSTRAINT; Schema: public; Owner: uitdev
--

ALTER TABLE ONLY public."AspNetUserTokens"
    ADD CONSTRAINT "FK_AspNetUserTokens_AspNetUsers_UserId" FOREIGN KEY ("UserId") REFERENCES public."AspNetUsers"("Id") ON DELETE CASCADE;


--
-- Name: EmployeeAttendances FK_EmployeeAttendances_Employees_EmployeeId; Type: FK CONSTRAINT; Schema: public; Owner: uitdev
--

ALTER TABLE ONLY public."EmployeeAttendances"
    ADD CONSTRAINT "FK_EmployeeAttendances_Employees_EmployeeId" FOREIGN KEY ("EmployeeId") REFERENCES public."Employees"("Id") ON DELETE RESTRICT;


--
-- Name: EmployeeDayOffLetters FK_EmployeeDayOffLetters_Employees_EmployeeId; Type: FK CONSTRAINT; Schema: public; Owner: uitdev
--

ALTER TABLE ONLY public."EmployeeDayOffLetters"
    ADD CONSTRAINT "FK_EmployeeDayOffLetters_Employees_EmployeeId" FOREIGN KEY ("EmployeeId") REFERENCES public."Employees"("Id") ON DELETE RESTRICT;


--
-- Name: EmployeeSalaries FK_EmployeeSalaries_Employees_EmployeeId; Type: FK CONSTRAINT; Schema: public; Owner: uitdev
--

ALTER TABLE ONLY public."EmployeeSalaries"
    ADD CONSTRAINT "FK_EmployeeSalaries_Employees_EmployeeId" FOREIGN KEY ("EmployeeId") REFERENCES public."Employees"("Id") ON DELETE RESTRICT;


--
-- Name: EmployeeSalaries FK_EmployeeSalaries_SalaryDetails_PrimarySalaryDetailId; Type: FK CONSTRAINT; Schema: public; Owner: uitdev
--

ALTER TABLE ONLY public."EmployeeSalaries"
    ADD CONSTRAINT "FK_EmployeeSalaries_SalaryDetails_PrimarySalaryDetailId" FOREIGN KEY ("PrimarySalaryDetailId") REFERENCES public."SalaryDetails"("Id") ON DELETE RESTRICT;


--
-- Name: Employees FK_Employees_EmployeeAccounts_PrimaryAccountId; Type: FK CONSTRAINT; Schema: public; Owner: uitdev
--

ALTER TABLE ONLY public."Employees"
    ADD CONSTRAINT "FK_Employees_EmployeeAccounts_PrimaryAccountId" FOREIGN KEY ("PrimaryAccountId") REFERENCES public."EmployeeAccounts"("Id") ON DELETE RESTRICT;


--
-- Name: Employees FK_Employees_EmployeeAddresses_PrimaryAddressId; Type: FK CONSTRAINT; Schema: public; Owner: uitdev
--

ALTER TABLE ONLY public."Employees"
    ADD CONSTRAINT "FK_Employees_EmployeeAddresses_PrimaryAddressId" FOREIGN KEY ("PrimaryAddressId") REFERENCES public."EmployeeAddresses"("Id") ON DELETE RESTRICT;


--
-- Name: Employees FK_Employees_EmployeeDayOffs_PrimaryDayOffId; Type: FK CONSTRAINT; Schema: public; Owner: uitdev
--

ALTER TABLE ONLY public."Employees"
    ADD CONSTRAINT "FK_Employees_EmployeeDayOffs_PrimaryDayOffId" FOREIGN KEY ("PrimaryDayOffId") REFERENCES public."EmployeeDayOffs"("Id") ON DELETE RESTRICT;


--
-- Name: Employees FK_Employees_EmployeeTypes_EmployeeTypeId; Type: FK CONSTRAINT; Schema: public; Owner: uitdev
--

ALTER TABLE ONLY public."Employees"
    ADD CONSTRAINT "FK_Employees_EmployeeTypes_EmployeeTypeId" FOREIGN KEY ("EmployeeTypeId") REFERENCES public."EmployeeTypes"("Id") ON DELETE RESTRICT;


--
-- Name: HolidayCreates FK_HolidayCreates_Employees_EmployeeId; Type: FK CONSTRAINT; Schema: public; Owner: uitdev
--

ALTER TABLE ONLY public."HolidayCreates"
    ADD CONSTRAINT "FK_HolidayCreates_Employees_EmployeeId" FOREIGN KEY ("EmployeeId") REFERENCES public."Employees"("Id") ON DELETE RESTRICT;


--
-- Name: HolidayCreates FK_HolidayCreates_Holidays_HolidayId; Type: FK CONSTRAINT; Schema: public; Owner: uitdev
--

ALTER TABLE ONLY public."HolidayCreates"
    ADD CONSTRAINT "FK_HolidayCreates_Holidays_HolidayId" FOREIGN KEY ("HolidayId") REFERENCES public."Holidays"("Id") ON DELETE RESTRICT;


--
-- PostgreSQL database dump complete
--

